მოსამართლე,url,თარიღი,pdf count
გოჩა დიდავა,https://www.ecourt.ge/Insolvency/InsolvencyInner?docId=2461291&instanceId=1,14.07.2023 16:40,1
ალექსანდრე გზირიშვილი,https://www.ecourt.ge/Insolvency/InsolvencyInner?docId=7313472&instanceId=1,30.05.2023 16:53,2
ზაალ მარუაშვილი,https://www.ecourt.ge/Insolvency/InsolvencyInner?docId=7354422&instanceId=1,30.05.2023 15:36,2
ზაალ მარუაშვილი,https://www.ecourt.ge/Insolvency/InsolvencyInner?docId=7313772&instanceId=1,30.05.2023 14:59,2
დარინა აბულაძე,https://www.ecourt.ge/Insolvency/InsolvencyInner?docId=7300675&instanceId=1,24.05.2023 17:36,2
ალექსანდრე გზირიშვილი,https://www.ecourt.ge/Insolvency/InsolvencyInner?docId=7238722&instanceId=1,16.05.2023 16:51,2
ზვიად ესებუა,https://www.ecourt.ge/Insolvency/InsolvencyInner?docId=1487476&instanceId=1,25.04.2023 16:53,2
ზაალ მარუაშვილი,https://www.ecourt.ge/Insolvency/InsolvencyInner?docId=7141656&instanceId=1,19.04.2023 18:05,2
ლიანა კაჟაშვილი,https://www.ecourt.ge/Insolvency/InsolvencyInner?docId=7134333&instanceId=1,19.04.2023 14:00,3
ალექსანდრე გზირიშვილი,https://www.ecourt.ge/Insolvency/InsolvencyInner?docId=7051075&instanceId=1,03.04.2023 16:10,6
გოჩა დიდავა,https://www.ecourt.ge/Insolvency/InsolvencyInner?docId=7027322&instanceId=1,27.03.2023 11:35,3
არჩილ კოჭლამაზაშვილი,https://www.ecourt.ge/Insolvency/InsolvencyInner?docId=6979992&instanceId=1,17.03.2023 15:02,5
ალექსანდრე გზირიშვილი,https://www.ecourt.ge/Insolvency/InsolvencyInner?docId=6946686&instanceId=1,10.03.2023 13:16,6
გოჩა დიდავა,https://www.ecourt.ge/Insolvency/InsolvencyInner?docId=6906497&instanceId=1,27.02.2023 17:38,2
არჩილ კოჭლამაზაშვილი,https://www.ecourt.ge/Insolvency/InsolvencyInner?docId=6814469&instanceId=1,06.02.2023 17:56,2
ზაალ მარუაშვილი,https://www.ecourt.ge/Insolvency/InsolvencyInner?docId=6793203&instanceId=1,06.02.2023 11:28,3
თამარ ბურჯანაძე,https://www.ecourt.ge/Insolvency/InsolvencyInner?docId=6782936&instanceId=1,03.02.2023 11:32,2
ციცინო მოსიძე,https://www.ecourt.ge/Insolvency/InsolvencyInner?docId=2001930&instanceId=1,25.01.2023 19:08,6
თამარ ბურჯანაძე,https://www.ecourt.ge/Insolvency/InsolvencyInner?docId=6711857&instanceId=1,20.01.2023 14:38,3
ლიანა კაჟაშვილი,https://www.ecourt.ge/Insolvency/InsolvencyInner?docId=6702865&instanceId=1,17.01.2023 13:49,2
ალექსანდრე გზირიშვილი,https://www.ecourt.ge/Insolvency/InsolvencyInner?docId=6663050&instanceId=1,13.01.2023 12:36,3
ციცინო მოსიძე,https://www.ecourt.ge/Insolvency/InsolvencyInner?docId=6693416&instanceId=1,12.01.2023 12:55,1
ვერა დობორჯგინიძე,https://www.ecourt.ge/Insolvency/InsolvencyInner?docId=6252068&instanceId=1,10.01.2023 15:44,1
ივერი აბაშიძე,https://www.ecourt.ge/Insolvency/InsolvencyInner?docId=7367188&instanceId=1,07.06.2023 16:47,1
ზაალ მარუაშვილი,https://www.ecourt.ge/Insolvency/InsolvencyInner?docId=7468751&instanceId=1,27.06.2023 15:52,2
ლიანა კაჟაშვილი,https://www.ecourt.ge/Insolvency/InsolvencyInner?docId=7521436&instanceId=1,11.07.2023 13:27,1
მანანა ნიკაჭაძე,https://www.ecourt.ge/Insolvency/InsolvencyInner?docId=7336520&instanceId=1,07.06.2023 20:38,2
დარინა აბულაძე,https://www.ecourt.ge/Insolvency/InsolvencyInner?docId=7335970&instanceId=1,06.06.2023 13:21,1
არჩილ კოჭლამაზაშვილი,https://www.ecourt.ge/Insolvency/InsolvencyInner?docId=6653085&instanceId=1,10.01.2023 10:14,3
სალომე გველესიანი,https://www.ecourt.ge/Insolvency/InsolvencyInner?docId=6619072&instanceId=1,27.12.2022 16:53,2
გოჩა დიდავა,https://www.ecourt.ge/Insolvency/InsolvencyInner?docId=7336499&instanceId=1,01.06.2023 18:11,3
ციცინო მოსიძე,https://www.ecourt.ge/Insolvency/InsolvencyInner?docId=7388423&instanceId=1,08.06.2023 14:05,1
ივერი აბაშიძე,https://www.ecourt.ge/Insolvency/InsolvencyInner?docId=124943&instanceId=1,20.12.2022 15:51,14
ალექსანდრე გზირიშვილი,https://www.ecourt.ge/Insolvency/InsolvencyInner?docId=6451632&instanceId=1,18.11.2022 11:23,1
გოჩა დიდავა,https://www.ecourt.ge/Insolvency/InsolvencyInner?docId=474553&instanceId=1,25.11.2022 16:34,11
ანა ჩოგოვაძე,https://www.ecourt.ge/Insolvency/InsolvencyInner?docId=6379337&instanceId=1,14.11.2022 11:46,3
სალომე გველესიანი,https://www.ecourt.ge/Insolvency/InsolvencyInner?docId=6498433&instanceId=1,02.12.2022 19:39,3
ლიანა კაჟაშვილი,https://www.ecourt.ge/Insolvency/InsolvencyInner?docId=5920516&instanceId=1,29.11.2022 16:56,3
სალომე გველესიანი,https://www.ecourt.ge/Insolvency/InsolvencyInner?docId=6204060&instanceId=1,29.09.2022 14:09,2
გოჩა დიდავა,https://www.ecourt.ge/Insolvency/InsolvencyInner?docId=6287476&instanceId=1,17.10.2022 17:44,7
ნონა ზარქუა,https://www.ecourt.ge/Insolvency/InsolvencyInner?docId=6230104&instanceId=1,07.10.2022 18:32,3
ლიანა კაჟაშვილი,https://www.ecourt.ge/Insolvency/InsolvencyInner?docId=6347202&instanceId=1,01.11.2022 14:11,3
ზვიად ესებუა,https://www.ecourt.ge/Insolvency/InsolvencyInner?docId=6383418&instanceId=1,04.11.2022 13:48,3
გოჩა დიდავა,https://www.ecourt.ge/Insolvency/InsolvencyInner?docId=13800&instanceId=1,25.10.2022 17:38,4
ნათია შიოშვილი,https://www.ecourt.ge/Insolvency/InsolvencyInner?docId=6145178&instanceId=1,09.09.2022 18:28,5
შოთა ნიკურაძე,https://www.ecourt.ge/Insolvency/InsolvencyInner?docId=67586&instanceId=1,20.09.2022 18:40,10
ზვიად ესებუა,https://www.ecourt.ge/Insolvency/InsolvencyInner?docId=6287629&instanceId=1,18.10.2022 18:03,12
მანანა ნიკაჭაძე,https://www.ecourt.ge/Insolvency/InsolvencyInner?docId=6139092&instanceId=1,08.09.2022 09:57,1
მანანა ნიკაჭაძე,https://www.ecourt.ge/Insolvency/InsolvencyInner?docId=6123527&instanceId=1,07.09.2022 20:09,11
ნათია შიოშვილი,https://www.ecourt.ge/Insolvency/InsolvencyInner?docId=6208669&instanceId=1,28.09.2022 13:31,2
ივერი აბაშიძე,https://www.ecourt.ge/Insolvency/InsolvencyInner?docId=6101753&instanceId=1,25.08.2022 12:02,13
ვერა დობორჯგინიძე,https://www.ecourt.ge/Insolvency/InsolvencyInner?docId=6088470&instanceId=1,24.08.2022 17:49,3
ვერა დობორჯგინიძე,https://www.ecourt.ge/Insolvency/InsolvencyInner?docId=6088032&instanceId=1,19.08.2022 19:01,1
გოჩა დიდავა,https://www.ecourt.ge/Insolvency/InsolvencyInner?docId=6091698&instanceId=1,23.08.2022 14:13,7
გოჩა დიდავა,https://www.ecourt.ge/Insolvency/InsolvencyInner?docId=6072442&instanceId=1,17.08.2022 20:26,5
ციცინო კიკვაძე,https://www.ecourt.ge/Insolvency/InsolvencyInner?docId=6010709&instanceId=1,16.08.2022 16:57,9
დარინა აბულაძე,https://www.ecourt.ge/Insolvency/InsolvencyInner?docId=6067674&instanceId=1,12.08.2022 17:10,2
ანა ჩოგოვაძე,https://www.ecourt.ge/Insolvency/InsolvencyInner?docId=6070031&instanceId=1,12.08.2022 09:54,3
ნონა ზარქუა,https://www.ecourt.ge/Insolvency/InsolvencyInner?docId=6024973&instanceId=1,04.08.2022 13:12,2
ნონა ზარქუა,https://www.ecourt.ge/Insolvency/InsolvencyInner?docId=6030301&instanceId=1,04.08.2022 13:12,2
სალომე გველესიანი,https://www.ecourt.ge/Insolvency/InsolvencyInner?docId=5869809&instanceId=1,10.06.2022 20:37,7
არჩილ კოჭლამაზაშვილი,https://www.ecourt.ge/Insolvency/InsolvencyInner?docId=5937003&instanceId=1,05.07.2022 13:57,7
ციცინო კიკვაძე,https://www.ecourt.ge/Insolvency/InsolvencyInner?docId=5892513&instanceId=1,23.06.2022 12:00,10
დარინა აბულაძე,https://www.ecourt.ge/Insolvency/InsolvencyInner?docId=5991578&instanceId=1,22.07.2022 19:17,17
ზაალ მარუაშვილი,https://www.ecourt.ge/Insolvency/InsolvencyInner?docId=5932286&instanceId=1,28.06.2022 18:30,6
ანა ჩოგოვაძე,https://www.ecourt.ge/Insolvency/InsolvencyInner?docId=6022550&instanceId=1,12.08.2022 09:50,2
ივერი აბაშიძე,https://www.ecourt.ge/Insolvency/InsolvencyInner?docId=684443&instanceId=1,09.06.2022 17:35,7
ნატა თედეშვილი,https://www.ecourt.ge/Insolvency/InsolvencyInner?docId=4467636&instanceId=1,16.05.2022 19:14,3
ზაალ მარუაშვილი,https://www.ecourt.ge/Insolvency/InsolvencyInner?docId=5847030&instanceId=1,08.06.2022 15:53,3
თამარ ბურჯანაძე,https://www.ecourt.ge/Insolvency/InsolvencyInner?docId=5771433&instanceId=1,17.05.2022 17:23,17
არჩილ კოჭლამაზაშვილი,https://www.ecourt.ge/Insolvency/InsolvencyInner?docId=5702807&instanceId=1,26.04.2022 16:08,3
ნონა ზარქუა,https://www.ecourt.ge/Insolvency/InsolvencyInner?docId=5745117&instanceId=1,12.05.2022 01:35,2
ანა ჩოგოვაძე,https://www.ecourt.ge/Insolvency/InsolvencyInner?docId=5492612&instanceId=1,15.04.2022 12:56,3
ზაალ მარუაშვილი,https://www.ecourt.ge/Insolvency/InsolvencyInner?docId=5691008&instanceId=1,26.04.2022 11:20,4
ნინო ენუქიძე,https://www.ecourt.ge/Insolvency/InsolvencyInner?docId=5563781&instanceId=1,15.04.2022 14:50,5
ციცინო კიკვაძე,https://www.ecourt.ge/Insolvency/InsolvencyInner?docId=1013977&instanceId=1,01.04.2022 11:32,4
ნათია შიოშვილი,https://www.ecourt.ge/Insolvency/InsolvencyInner?docId=5615265&instanceId=1,31.03.2022 19:01,2
თამარ ბურჯანაძე,https://www.ecourt.ge/Insolvency/InsolvencyInner?docId=5610114&instanceId=1,01.04.2022 17:32,8
ლიანა კაჟაშვილი,https://www.ecourt.ge/Insolvency/InsolvencyInner?docId=5522735&instanceId=1,04.03.2022 15:46,5
ნინო ენუქიძე,https://www.ecourt.ge/Insolvency/InsolvencyInner?docId=5495362&instanceId=1,24.02.2022 14:47,1
მანანა ნიკაჭაძე,https://www.ecourt.ge/Insolvency/InsolvencyInner?docId=123912&instanceId=1,27.02.2022 14:23,6
თინა ვაშაყმაძე,https://www.ecourt.ge/Insolvency/InsolvencyInner?docId=2606194&instanceId=1,21.03.2022 17:30,6
დარინა აბულაძე,https://www.ecourt.ge/Insolvency/InsolvencyInner?docId=5592368&instanceId=1,25.03.2022 18:33,4
არჩილ კოჭლამაზაშვილი,https://www.ecourt.ge/Insolvency/InsolvencyInner?docId=5541262&instanceId=1,05.03.2022 00:21,48
ვერა დობორჯგინიძე,https://www.ecourt.ge/Insolvency/InsolvencyInner?docId=5496753&instanceId=1,24.02.2022 10:27,2
დარინა აბულაძე,https://www.ecourt.ge/Insolvency/InsolvencyInner?docId=5568138&instanceId=1,25.03.2022 18:36,1
არჩილ კოჭლამაზაშვილი,https://www.ecourt.ge/Insolvency/InsolvencyInner?docId=5467653&instanceId=1,14.02.2022 19:19,1
მალხაზ ჩუბინიძე,https://www.ecourt.ge/Insolvency/InsolvencyInner?docId=1992961&instanceId=1,15.02.2022 00:17,2
ნინო ენუქიძე,https://www.ecourt.ge/Insolvency/InsolvencyInner?docId=5456360&instanceId=1,11.02.2022 14:13,2
ზაალ მარუაშვილი,https://www.ecourt.ge/Insolvency/InsolvencyInner?docId=5394343&instanceId=1,21.01.2022 14:35,4
თამარ ბურჯანაძე,https://www.ecourt.ge/Insolvency/InsolvencyInner?docId=5413576&instanceId=1,28.01.2022 12:25,6
თამარ ბურჯანაძე,https://www.ecourt.ge/Insolvency/InsolvencyInner?docId=5386661&instanceId=1,20.01.2022 12:08,4
ლიანა კაჟაშვილი,https://www.ecourt.ge/Insolvency/InsolvencyInner?docId=5386886&instanceId=1,24.01.2022 11:49,21
ივერი აბაშიძე,https://www.ecourt.ge/Insolvency/InsolvencyInner?docId=1973169&instanceId=1,02.02.2022 17:11,9
ლიანა კაჟაშვილი,https://www.ecourt.ge/Insolvency/InsolvencyInner?docId=5167805&instanceId=1,14.01.2022 19:41,12
ლიანა კაჟაშვილი,https://www.ecourt.ge/Insolvency/InsolvencyInner?docId=5335702&instanceId=1,14.01.2022 18:21,8
ლიანა კაჟაშვილი,https://www.ecourt.ge/Insolvency/InsolvencyInner?docId=5332203&instanceId=1,14.01.2022 19:40,20
ციცინო კიკვაძე,https://www.ecourt.ge/Insolvency/InsolvencyInner?docId=25323&instanceId=1,10.01.2022 11:26,4
ნონა ზარქუა,https://www.ecourt.ge/Insolvency/InsolvencyInner?docId=5335502&instanceId=1,31.12.2021 17:51,5
გოჩა დიდავა,https://www.ecourt.ge/Insolvency/InsolvencyInner?docId=5347773&instanceId=1,30.12.2021 11:51,6
ციცინო კიკვაძე,https://www.ecourt.ge/Insolvency/InsolvencyInner?docId=5247433&instanceId=1,01.12.2021 16:12,2
სალომე გველესიანი,https://www.ecourt.ge/Insolvency/InsolvencyInner?docId=5335501&instanceId=1,30.12.2021 16:58,7
ანა ჩოგოვაძე,https://www.ecourt.ge/Insolvency/InsolvencyInner?docId=1444067&instanceId=1,16.12.2021 12:16,8
ზვიად ესებუა,https://www.ecourt.ge/Insolvency/InsolvencyInner?docId=5260217&instanceId=1,06.12.2021 17:44,15
ნათია შიოშვილი,https://www.ecourt.ge/Insolvency/InsolvencyInner?docId=401359&instanceId=1,22.11.2021 16:02,10
არჩილ კოჭლამაზაშვილი,https://www.ecourt.ge/Insolvency/InsolvencyInner?docId=5335500&instanceId=1,28.12.2021 17:23,7
ანა ჩოგოვაძე,https://www.ecourt.ge/Insolvency/InsolvencyInner?docId=2066985&instanceId=1,09.11.2021 17:56,13
თამარ ბურჯანაძე,https://www.ecourt.ge/Insolvency/InsolvencyInner?docId=1829476&instanceId=1,09.11.2021 14:11,12
გოჩა დიდავა,https://www.ecourt.ge/Insolvency/InsolvencyInner?docId=5190848&instanceId=1,16.11.2021 10:59,11
ვერა დობორჯგინიძე,https://www.ecourt.ge/Insolvency/InsolvencyInner?docId=369339&instanceId=1,04.10.2021 17:06,2
თამარ ბურჯანაძე,https://www.ecourt.ge/Insolvency/InsolvencyInner?docId=4983720&instanceId=1,21.09.2021 17:45,8
ვერა დობორჯგინიძე,https://www.ecourt.ge/Insolvency/InsolvencyInner?docId=5034654&instanceId=1,12.10.2021 11:40,3
ნინო ენუქიძე,https://www.ecourt.ge/Insolvency/InsolvencyInner?docId=5028629&instanceId=1,24.09.2021 12:12,1
ვერა დობორჯგინიძე,https://www.ecourt.ge/Insolvency/InsolvencyInner?docId=651584&instanceId=1,17.09.2021 14:25,5
თინათინ ეცადაშვილი,https://www.ecourt.ge/Insolvency/InsolvencyInner?docId=770347&instanceId=1,16.09.2021 17:37,2
ანა ჩოგოვაძე,https://www.ecourt.ge/Insolvency/InsolvencyInner?docId=4962757&instanceId=1,10.09.2021 11:25,2
ვერა დობორჯგინიძე,https://www.ecourt.ge/Insolvency/InsolvencyInner?docId=4847293&instanceId=1,31.08.2021 10:42,3
ლიანა კაჟაშვილი,https://www.ecourt.ge/Insolvency/InsolvencyInner?docId=4911036&instanceId=1,10.08.2021 14:59,1
არჩილ კოჭლამაზაშვილი,https://www.ecourt.ge/Insolvency/InsolvencyInner?docId=4941953&instanceId=1,12.08.2021 17:24,2
ივერი აბაშიძე,https://www.ecourt.ge/Insolvency/InsolvencyInner?docId=4795475&instanceId=1,05.07.2021 14:35,7
ნინო ენუქიძე,https://www.ecourt.ge/Insolvency/InsolvencyInner?docId=4949854&instanceId=1,24.08.2021 15:42,2
თინათინ ეცადაშვილი,https://www.ecourt.ge/Insolvency/InsolvencyInner?docId=1450661&instanceId=1,09.08.2021 13:15,2
თამარ ბურჯანაძე,https://www.ecourt.ge/Insolvency/InsolvencyInner?docId=4879937&instanceId=1,02.08.2021 11:39,1
ლიანა კაჟაშვილი,https://www.ecourt.ge/Insolvency/InsolvencyInner?docId=4907879&instanceId=1,10.08.2021 14:12,15
ნინო ენუქიძე,https://www.ecourt.ge/Insolvency/InsolvencyInner?docId=4768853&instanceId=1,01.07.2021 15:25,3
თამარ ბურჯანაძე,https://www.ecourt.ge/Insolvency/InsolvencyInner?docId=744885&instanceId=1,22.06.2021 12:57,3
გოჩა დიდავა,https://www.ecourt.ge/Insolvency/InsolvencyInner?docId=4770744&instanceId=1,29.06.2021 05:02,8
თამარ ბურჯანაძე,https://www.ecourt.ge/Insolvency/InsolvencyInner?docId=1089025&instanceId=1,22.06.2021 12:57,12
ივერი აბაშიძე,https://www.ecourt.ge/Insolvency/InsolvencyInner?docId=4721157&instanceId=1,11.06.2021 22:48,9
ანა ჩოგოვაძე,https://www.ecourt.ge/Insolvency/InsolvencyInner?docId=4631450&instanceId=1,15.06.2021 11:48,16
მალხაზ ჩუბინიძე,https://www.ecourt.ge/Insolvency/InsolvencyInner?docId=1188168&instanceId=1,11.06.2021 11:59,1
ვერა დობორჯგინიძე,https://www.ecourt.ge/Insolvency/InsolvencyInner?docId=4394572&instanceId=1,15.06.2021 16:56,1
ნონა ზარქუა,https://www.ecourt.ge/Insolvency/InsolvencyInner?docId=4642925&instanceId=1,27.05.2021 15:48,2
გოჩა დიდავა,https://www.ecourt.ge/Insolvency/InsolvencyInner?docId=4566101&instanceId=1,25.04.2021 23:31,7
ვერა დობორჯგინიძე,https://www.ecourt.ge/Insolvency/InsolvencyInner?docId=2340824&instanceId=1,29.04.2021 15:06,19
ანა ჩოგოვაძე,https://www.ecourt.ge/Insolvency/InsolvencyInner?docId=4423924&instanceId=1,13.04.2021 15:52,1
ციცინო კიკვაძე,https://www.ecourt.ge/Insolvency/InsolvencyInner?docId=4348745&instanceId=1,23.03.2021 11:39,2
არჩილ კოჭლამაზაშვილი,https://www.ecourt.ge/Insolvency/InsolvencyInner?docId=4499518&instanceId=1,30.03.2021 20:32,35
არჩილ კოჭლამაზაშვილი,https://www.ecourt.ge/Insolvency/InsolvencyInner?docId=4520444&instanceId=1,07.04.2021 16:14,2
ნონა ზარქუა,https://www.ecourt.ge/Insolvency/InsolvencyInner?docId=4488064&instanceId=1,14.04.2021 20:47,3
ნათია შიოშვილი,https://www.ecourt.ge/Insolvency/InsolvencyInner?docId=2898870&instanceId=1,01.04.2021 11:33,3
სოსო ღურწკაია,https://www.ecourt.ge/Insolvency/InsolvencyInner?docId=1586429&instanceId=1,02.04.2021 19:20,22
ციცინო მოსიძე,https://www.ecourt.ge/Insolvency/InsolvencyInner?docId=4469808&instanceId=1,29.03.2021 18:27,82
ანა ჩოგოვაძე,https://www.ecourt.ge/Insolvency/InsolvencyInner?docId=4378419&instanceId=1,09.03.2021 18:03,2
ნათია შიოშვილი,https://www.ecourt.ge/Insolvency/InsolvencyInner?docId=4235795&instanceId=1,01.03.2021 17:40,2
ნათია შიოშვილი,https://www.ecourt.ge/Insolvency/InsolvencyInner?docId=4392167&instanceId=1,01.03.2021 17:40,9
არჩილ კოჭლამაზაშვილი,https://www.ecourt.ge/Insolvency/InsolvencyInner?docId=4316596&instanceId=1,28.01.2021 16:55,10
თინათინ ეცადაშვილი,https://www.ecourt.ge/Insolvency/InsolvencyInner?docId=2908207&instanceId=1,27.01.2021 14:15,4
დარინა აბულაძე,https://www.ecourt.ge/Insolvency/InsolvencyInner?docId=4273694&instanceId=1,29.01.2021 11:02,3
თამარ ბურჯანაძე,https://www.ecourt.ge/Insolvency/InsolvencyInner?docId=4297670&instanceId=1,27.01.2021 15:25,9
ნათია შიოშვილი,https://www.ecourt.ge/Insolvency/InsolvencyInner?docId=4379107&instanceId=1,01.03.2021 14:35,5
ვერა დობორჯგინიძე,https://www.ecourt.ge/Insolvency/InsolvencyInner?docId=4231749&instanceId=1,22.01.2021 15:53,2
ციცინო კიკვაძე,https://www.ecourt.ge/Insolvency/InsolvencyInner?docId=1771821&instanceId=1,28.12.2020 11:35,4
ანა ჩოგოვაძე,https://www.ecourt.ge/Insolvency/InsolvencyInner?docId=1413485&instanceId=1,25.12.2020 15:19,3
თამარ ბურჯანაძე,https://www.ecourt.ge/Insolvency/InsolvencyInner?docId=4190845&instanceId=1,18.12.2020 16:53,122
თამარ ბურჯანაძე,https://www.ecourt.ge/Insolvency/InsolvencyInner?docId=4105323&instanceId=1,02.12.2020 11:19,2
გოჩა დიდავა,https://www.ecourt.ge/Insolvency/InsolvencyInner?docId=4018288&instanceId=1,11.12.2020 17:56,1
ზაალ მარუაშვილი,https://www.ecourt.ge/Insolvency/InsolvencyInner?docId=4053132&instanceId=1,27.10.2020 16:37,3
მაია კუთხაშვილი,https://www.ecourt.ge/Insolvency/InsolvencyInner?docId=4130950&instanceId=1,25.11.2020 17:29,2
მაია კუთხაშვილი,https://www.ecourt.ge/Insolvency/InsolvencyInner?docId=4123127&instanceId=1,25.11.2020 16:32,2
თინათინ ეცადაშვილი,https://www.ecourt.ge/Insolvency/InsolvencyInner?docId=4054277&instanceId=1,30.10.2020 11:58,4
დარინა აბულაძე,https://www.ecourt.ge/Insolvency/InsolvencyInner?docId=4123345&instanceId=1,04.12.2020 16:49,3
დარინა აბულაძე,https://www.ecourt.ge/Insolvency/InsolvencyInner?docId=4004990&instanceId=1,26.10.2020 11:36,18
ციცინო კიკვაძე,https://www.ecourt.ge/Insolvency/InsolvencyInner?docId=24569&instanceId=1,07.10.2020 11:42,4
თამარ ბურჯანაძე,https://www.ecourt.ge/Insolvency/InsolvencyInner?docId=3974641&instanceId=1,05.10.2020 09:31,43
მანანა ნიკაჭაძე,https://www.ecourt.ge/Insolvency/InsolvencyInner?docId=4018039&instanceId=1,24.10.2020 14:22,4
მაია სვიანაძე,https://www.ecourt.ge/Insolvency/InsolvencyInner?docId=1773589&instanceId=1,02.10.2020 18:23,2
ზაალ მარუაშვილი,https://www.ecourt.ge/Insolvency/InsolvencyInner?docId=3988031&instanceId=1,12.10.2020 11:31,14
ვერა დობორჯგინიძე,https://www.ecourt.ge/Insolvency/InsolvencyInner?docId=3368280&instanceId=1,06.10.2020 17:03,2
თამარ ბურჯანაძე,https://www.ecourt.ge/Insolvency/InsolvencyInner?docId=4025864&instanceId=1,23.10.2020 12:10,17
ივერი აბაშიძე,https://www.ecourt.ge/Insolvency/InsolvencyInner?docId=3977114&instanceId=1,01.10.2020 16:53,7
თამარ ბურჯანაძე,https://www.ecourt.ge/Insolvency/InsolvencyInner?docId=496501&instanceId=1,30.09.2020 14:40,16
ზაალ მარუაშვილი,https://www.ecourt.ge/Insolvency/InsolvencyInner?docId=3965198&instanceId=1,30.09.2020 13:13,14
მაია კუთხაშვილი,https://www.ecourt.ge/Insolvency/InsolvencyInner?docId=3956005&instanceId=1,28.09.2020 16:49,75
ვერა დობორჯგინიძე,https://www.ecourt.ge/Insolvency/InsolvencyInner?docId=3858057&instanceId=1,04.09.2020 18:30,6
ზაალ მარუაშვილი,https://www.ecourt.ge/Insolvency/InsolvencyInner?docId=45485&instanceId=1,27.08.2020 15:35,3
ივერი აბაშიძე,https://www.ecourt.ge/Insolvency/InsolvencyInner?docId=3954977&instanceId=1,25.09.2020 17:25,50
მაია სვიანაძე,https://www.ecourt.ge/Insolvency/InsolvencyInner?docId=3898705&instanceId=1,07.09.2020 15:16,4
თინათინ ეცადაშვილი,https://www.ecourt.ge/Insolvency/InsolvencyInner?docId=3831993&instanceId=1,12.08.2020 18:41,30
ივერი აბაშიძე,https://www.ecourt.ge/Insolvency/InsolvencyInner?docId=3945364&instanceId=1,21.09.2020 13:42,79
ზაალ მარუაშვილი,https://www.ecourt.ge/Insolvency/InsolvencyInner?docId=3942037&instanceId=1,23.09.2020 13:21,3
ზაალ მარუაშვილი,https://www.ecourt.ge/Insolvency/InsolvencyInner?docId=3882666&instanceId=1,31.08.2020 18:16,2
მანანა ნიკაჭაძე,https://www.ecourt.ge/Insolvency/InsolvencyInner?docId=3795591&instanceId=1,11.08.2020 13:49,6
ანა ჩოგოვაძე,https://www.ecourt.ge/Insolvency/InsolvencyInner?docId=3761708&instanceId=1,03.08.2020 18:08,1
ანა ჩოგოვაძე,https://www.ecourt.ge/Insolvency/InsolvencyInner?docId=3817837&instanceId=1,07.08.2020 11:53,9
ანა ჩოგოვაძე,https://www.ecourt.ge/Insolvency/InsolvencyInner?docId=3761709&instanceId=1,03.08.2020 18:10,1
თამარ ბურჯანაძე,https://www.ecourt.ge/Insolvency/InsolvencyInner?docId=1664454&instanceId=1,08.07.2020 14:51,6
თამარ ბურჯანაძე,https://www.ecourt.ge/Insolvency/InsolvencyInner?docId=3791131&instanceId=1,29.07.2020 11:50,9
ციცინო მოსიძე,https://www.ecourt.ge/Insolvency/InsolvencyInner?docId=3760554&instanceId=1,07.07.2020 18:14,1
თინათინ ეცადაშვილი,https://www.ecourt.ge/Insolvency/InsolvencyInner?docId=3798689&instanceId=1,31.07.2020 16:14,3
ივერი აბაშიძე,https://www.ecourt.ge/Insolvency/InsolvencyInner?docId=1012617&instanceId=1,21.07.2020 16:27,17
თამარ ბურჯანაძე,https://www.ecourt.ge/Insolvency/InsolvencyInner?docId=3745701&instanceId=1,01.07.2020 12:32,3
მანანა ნიკაჭაძე,https://www.ecourt.ge/Insolvency/InsolvencyInner?docId=3723524&instanceId=1,23.06.2020 12:20,1
ვერა დობორჯგინიძე,https://www.ecourt.ge/Insolvency/InsolvencyInner?docId=3509852&instanceId=1,30.06.2020 16:40,3
დარინა აბულაძე,https://www.ecourt.ge/Insolvency/InsolvencyInner?docId=3686451&instanceId=1,05.06.2020 11:15,2
ვერა დობორჯგინიძე,https://www.ecourt.ge/Insolvency/InsolvencyInner?docId=3725529&instanceId=1,19.06.2020 13:54,3
გოჩა დიდავა,https://www.ecourt.ge/Insolvency/InsolvencyInner?docId=118972&instanceId=1,18.06.2020 20:33,2
ანა ჩოგოვაძე,https://www.ecourt.ge/Insolvency/InsolvencyInner?docId=3563460&instanceId=1,08.04.2020 13:44,2
გოჩა დიდავა,https://www.ecourt.ge/Insolvency/InsolvencyInner?docId=754640&instanceId=1,17.06.2020 18:07,7
სოსო ღურწკაია,https://www.ecourt.ge/Insolvency/InsolvencyInner?docId=3636675&instanceId=1,24.04.2020 15:49,33
ივერი აბაშიძე,https://www.ecourt.ge/Insolvency/InsolvencyInner?docId=3719711&instanceId=1,08.06.2020 16:03,28
ზაალ მარუაშვილი,https://www.ecourt.ge/Insolvency/InsolvencyInner?docId=793370&instanceId=1,17.06.2020 17:26,2
დარინა აბულაძე,https://www.ecourt.ge/Insolvency/InsolvencyInner?docId=3526433&instanceId=1,23.03.2020 14:51,4
თამარ ბურჯანაძე,https://www.ecourt.ge/Insolvency/InsolvencyInner?docId=3511036&instanceId=1,11.03.2020 12:50,5
თინათინ ეცადაშვილი,https://www.ecourt.ge/Insolvency/InsolvencyInner?docId=3499425&instanceId=1,13.03.2020 12:31,16
თამარ ბურჯანაძე,https://www.ecourt.ge/Insolvency/InsolvencyInner?docId=417469&instanceId=1,10.03.2020 12:14,32
ანა ჩოგოვაძე,https://www.ecourt.ge/Insolvency/InsolvencyInner?docId=2573700&instanceId=1,09.03.2020 11:39,3
სოსო ღურწკაია,https://www.ecourt.ge/Insolvency/InsolvencyInner?docId=2942124&instanceId=1,04.03.2020 10:54,3
ციცინო კიკვაძე,https://www.ecourt.ge/Insolvency/InsolvencyInner?docId=3235070&instanceId=1,06.03.2020 11:09,4
თინათინ ეცადაშვილი,https://www.ecourt.ge/Insolvency/InsolvencyInner?docId=3503881&instanceId=1,05.03.2020 17:37,9
თამარ ბურჯანაძე,https://www.ecourt.ge/Insolvency/InsolvencyInner?docId=1256577&instanceId=1,28.02.2020 12:55,1
ანა ჩოგოვაძე,https://www.ecourt.ge/Insolvency/InsolvencyInner?docId=3448325&instanceId=1,19.02.2020 12:53,16
თინათინ ეცადაშვილი,https://www.ecourt.ge/Insolvency/InsolvencyInner?docId=3482604&instanceId=1,24.02.2020 15:54,2
გოჩა დიდავა,https://www.ecourt.ge/Insolvency/InsolvencyInner?docId=3411547&instanceId=1,20.02.2020 15:41,11
ანა ჩოგოვაძე,https://www.ecourt.ge/Insolvency/InsolvencyInner?docId=3448331&instanceId=1,19.02.2020 12:52,6
ივერი აბაშიძე,https://www.ecourt.ge/Insolvency/InsolvencyInner?docId=3464378&instanceId=1,11.02.2020 11:46,41
ივერი აბაშიძე,https://www.ecourt.ge/Insolvency/InsolvencyInner?docId=3433236&instanceId=1,22.01.2020 13:05,23
ნატა თედეშვილი,https://www.ecourt.ge/Insolvency/InsolvencyInner?docId=151175&instanceId=1,12.02.2020 09:48,9
თინათინ ეცადაშვილი,https://www.ecourt.ge/Insolvency/InsolvencyInner?docId=3417983&instanceId=1,07.02.2020 13:19,2
ხათუნა ჯინორია,https://www.ecourt.ge/Insolvency/InsolvencyInner?docId=3460148&instanceId=1,10.02.2020 16:39,14
მაია სვიანაძე,https://www.ecourt.ge/Insolvency/InsolvencyInner?docId=3330052&instanceId=1,20.01.2020 16:24,2
თამარ ბურჯანაძე,https://www.ecourt.ge/Insolvency/InsolvencyInner?docId=3356133&instanceId=1,21.01.2020 17:16,14
ხათუნა ჯინორია,https://www.ecourt.ge/Insolvency/InsolvencyInner?docId=3417979&instanceId=1,20.01.2020 16:04,4
ანა ჩოგოვაძე,https://www.ecourt.ge/Insolvency/InsolvencyInner?docId=3319177&instanceId=1,17.01.2020 17:44,3
ვერა დობორჯგინიძე,https://www.ecourt.ge/Insolvency/InsolvencyInner?docId=3342261&instanceId=1,11.01.2020 16:07,2
თინათინ ეცადაშვილი,https://www.ecourt.ge/Insolvency/InsolvencyInner?docId=3398642&instanceId=1,14.01.2020 17:14,2
თინათინ ეცადაშვილი,https://www.ecourt.ge/Insolvency/InsolvencyInner?docId=3401926&instanceId=1,14.01.2020 14:38,2
თამარ ბურჯანაძე,https://www.ecourt.ge/Insolvency/InsolvencyInner?docId=2094640&instanceId=1,14.01.2020 11:50,6
მანანა ნიკაჭაძე,https://www.ecourt.ge/Insolvency/InsolvencyInner?docId=3349656&instanceId=1,10.01.2020 13:33,5
ხათუნა ჯინორია,https://www.ecourt.ge/Insolvency/InsolvencyInner?docId=3379261&instanceId=1,08.01.2020 17:10,3
თამარ ბურჯანაძე,https://www.ecourt.ge/Insolvency/InsolvencyInner?docId=320739&instanceId=1,31.12.2019 14:06,11
თამარ ბურჯანაძე,https://www.ecourt.ge/Insolvency/InsolvencyInner?docId=22102&instanceId=1,26.12.2019 16:48,3
ივერი აბაშიძე,https://www.ecourt.ge/Insolvency/InsolvencyInner?docId=300610&instanceId=1,26.12.2019 16:43,2
ზაალ მარუაშვილი,https://www.ecourt.ge/Insolvency/InsolvencyInner?docId=1086391&instanceId=1,26.12.2019 16:39,12
ანა ჩოგოვაძე,https://www.ecourt.ge/Insolvency/InsolvencyInner?docId=1174967&instanceId=1,26.12.2019 16:38,5
სოსო ღურწკაია,https://www.ecourt.ge/Insolvency/InsolvencyInner?docId=789624&instanceId=1,26.12.2019 16:39,16
თამარ ბურჯანაძე,https://www.ecourt.ge/Insolvency/InsolvencyInner?docId=1189247&instanceId=1,26.12.2019 16:38,3
ივერი აბაშიძე,https://www.ecourt.ge/Insolvency/InsolvencyInner?docId=581241&instanceId=1,26.12.2019 16:40,6
თამარ ბურჯანაძე,https://www.ecourt.ge/Insolvency/InsolvencyInner?docId=721587&instanceId=1,26.12.2019 16:40,11
ივერი აბაშიძე,https://www.ecourt.ge/Insolvency/InsolvencyInner?docId=107064&instanceId=1,26.12.2019 16:44,7
ზაალ მარუაშვილი,https://www.ecourt.ge/Insolvency/InsolvencyInner?docId=1196388&instanceId=1,26.12.2019 16:37,13
თამარ ბურჯანაძე,https://www.ecourt.ge/Insolvency/InsolvencyInner?docId=1246678&instanceId=1,26.12.2019 16:37,2
თამარ ბურჯანაძე,https://www.ecourt.ge/Insolvency/InsolvencyInner?docId=1399778&instanceId=1,26.12.2019 16:36,14
ხათუნა ჯინორია,https://www.ecourt.ge/Insolvency/InsolvencyInner?docId=3277681&instanceId=1,17.12.2019 19:13,2
თამარ ჭუნიაშვილი,https://www.ecourt.ge/Insolvency/InsolvencyInner?docId=1121101&instanceId=1,12.12.2019 19:58,2
თამარ ბურჯანაძე,https://www.ecourt.ge/Insolvency/InsolvencyInner?docId=1428406&instanceId=1,26.12.2019 16:35,3
გოჩა დიდავა,https://www.ecourt.ge/Insolvency/InsolvencyInner?docId=1488719&instanceId=1,26.12.2019 16:34,7
თამარ ბურჯანაძე,https://www.ecourt.ge/Insolvency/InsolvencyInner?docId=1781228&instanceId=1,26.12.2019 16:32,2
ზაალ მარუაშვილი,https://www.ecourt.ge/Insolvency/InsolvencyInner?docId=1217485&instanceId=1,18.12.2019 14:54,7
ვერა დობორჯგინიძე,https://www.ecourt.ge/Insolvency/InsolvencyInner?docId=221917&instanceId=1,11.12.2019 19:44,12
სოსო ღურწკაია,https://www.ecourt.ge/Insolvency/InsolvencyInner?docId=1229855&instanceId=1,12.12.2019 19:57,80
ვერა დობორჯგინიძე,https://www.ecourt.ge/Insolvency/InsolvencyInner?docId=3190291&instanceId=1,09.12.2019 16:12,10
მაია სვიანაძე,https://www.ecourt.ge/Insolvency/InsolvencyInner?docId=2630015&instanceId=1,03.12.2019 11:30,2
ვერა დობორჯგინიძე,https://www.ecourt.ge/Insolvency/InsolvencyInner?docId=3210336&instanceId=1,26.11.2019 14:12,1
ვერა დობორჯგინიძე,https://www.ecourt.ge/Insolvency/InsolvencyInner?docId=2905777&instanceId=1,26.11.2019 14:48,2
ვერა დობორჯგინიძე,https://www.ecourt.ge/Insolvency/InsolvencyInner?docId=3277204&instanceId=1,02.12.2019 13:29,2
ვერა დობორჯგინიძე,https://www.ecourt.ge/Insolvency/InsolvencyInner?docId=3286214&instanceId=1,29.11.2019 13:29,3
ნონა ზარქუა,https://www.ecourt.ge/Insolvency/InsolvencyInner?docId=1400079&instanceId=1,28.11.2019 12:57,7
ვერა დობორჯგინიძე,https://www.ecourt.ge/Insolvency/InsolvencyInner?docId=3206774&instanceId=1,26.11.2019 16:50,3
ვერა დობორჯგინიძე,https://www.ecourt.ge/Insolvency/InsolvencyInner?docId=3247832&instanceId=1,26.11.2019 13:58,1
თინა ვაშაყმაძე,https://www.ecourt.ge/Insolvency/InsolvencyInner?docId=3286180&instanceId=1,20.11.2019 15:01,7
თამარ ბურჯანაძე,https://www.ecourt.ge/Insolvency/InsolvencyInner?docId=3260210&instanceId=1,22.11.2019 14:43,4
თამარ ჭუნიაშვილი,https://www.ecourt.ge/Insolvency/InsolvencyInner?docId=3283287&instanceId=1,18.11.2019 17:51,2
სოსო ღურწკაია,https://www.ecourt.ge/Insolvency/InsolvencyInner?docId=3273183&instanceId=1,14.11.2019 11:01,2
თინა ვაშაყმაძე,https://www.ecourt.ge/Insolvency/InsolvencyInner?docId=2432975&instanceId=1,13.11.2019 09:36,5
თინა ვაშაყმაძე,https://www.ecourt.ge/Insolvency/InsolvencyInner?docId=2376902&instanceId=1,13.11.2019 09:36,4
მანანა ნიკაჭაძე,https://www.ecourt.ge/Insolvency/InsolvencyInner?docId=3250154&instanceId=1,31.10.2019 17:17,14
ციცინო მოსიძე,https://www.ecourt.ge/Insolvency/InsolvencyInner?docId=2177094&instanceId=1,04.11.2019 12:22,3
მანანა ნიკაჭაძე,https://www.ecourt.ge/Insolvency/InsolvencyInner?docId=3234261&instanceId=1,23.10.2019 13:30,1
თინა ვაშაყმაძე,https://www.ecourt.ge/Insolvency/InsolvencyInner?docId=3184885&instanceId=1,30.10.2019 13:16,2
თინა ვაშაყმაძე,https://www.ecourt.ge/Insolvency/InsolvencyInner?docId=2796022&instanceId=1,28.10.2019 15:40,1
ვერა დობორჯგინიძე,https://www.ecourt.ge/Insolvency/InsolvencyInner?docId=3206778&instanceId=1,24.10.2019 11:03,1
მაია სვიანაძე,https://www.ecourt.ge/Insolvency/InsolvencyInner?docId=3196623&instanceId=1,09.10.2019 12:41,3
ციცინო კიკვაძე,https://www.ecourt.ge/Insolvency/InsolvencyInner?docId=3206730&instanceId=1,03.10.2019 13:15,2
თამარ ბურჯანაძე,https://www.ecourt.ge/Insolvency/InsolvencyInner?docId=2180845&instanceId=1,20.10.2019 17:58,7
თამარ ბურჯანაძე,https://www.ecourt.ge/Insolvency/InsolvencyInner?docId=3218352&instanceId=1,10.10.2019 14:36,7
ანა ჩოგოვაძე,https://www.ecourt.ge/Insolvency/InsolvencyInner?docId=3155226&instanceId=1,18.10.2019 16:06,1
ანა ჩოგოვაძე,https://www.ecourt.ge/Insolvency/InsolvencyInner?docId=3178292&instanceId=1,08.10.2019 17:38,3
ანა ჩოგოვაძე,https://www.ecourt.ge/Insolvency/InsolvencyInner?docId=3140832&instanceId=1,03.10.2019 11:55,1
ხათუნა ჯინორია,https://www.ecourt.ge/Insolvency/InsolvencyInner?docId=3182316&instanceId=1,10.10.2019 12:50,1
თამარ ბურჯანაძე,https://www.ecourt.ge/Insolvency/InsolvencyInner?docId=144759&instanceId=1,21.10.2019 16:20,11
გოჩა დიდავა,https://www.ecourt.ge/Insolvency/InsolvencyInner?docId=3174449&instanceId=1,26.09.2019 15:45,15
ვერა დობორჯგინიძე,https://www.ecourt.ge/Insolvency/InsolvencyInner?docId=3174676&instanceId=1,24.09.2019 10:36,1
ვერა დობორჯგინიძე,https://www.ecourt.ge/Insolvency/InsolvencyInner?docId=3167161&instanceId=1,01.10.2019 17:35,9
გოჩა დიდავა,https://www.ecourt.ge/Insolvency/InsolvencyInner?docId=3167157&instanceId=1,19.09.2019 15:15,12
სოსო ღურწკაია,https://www.ecourt.ge/Insolvency/InsolvencyInner?docId=1498530&instanceId=1,19.09.2019 16:57,49
სოსო ღურწკაია,https://www.ecourt.ge/Insolvency/InsolvencyInner?docId=3183405&instanceId=1,17.09.2019 12:29,50
ციცინო კიკვაძე,https://www.ecourt.ge/Insolvency/InsolvencyInner?docId=3157917&instanceId=1,25.09.2019 12:30,12
მანანა ნიკაჭაძე,https://www.ecourt.ge/Insolvency/InsolvencyInner?docId=3185084&instanceId=1,24.09.2019 15:22,1
ციცინო კიკვაძე,https://www.ecourt.ge/Insolvency/InsolvencyInner?docId=3174275&instanceId=1,13.09.2019 16:08,1
მაია სვიანაძე,https://www.ecourt.ge/Insolvency/InsolvencyInner?docId=3140869&instanceId=1,21.08.2019 17:37,1
ანა ჩოგოვაძე,https://www.ecourt.ge/Insolvency/InsolvencyInner?docId=2905662&instanceId=1,21.08.2019 11:38,1
ვერა დობორჯგინიძე,https://www.ecourt.ge/Insolvency/InsolvencyInner?docId=2989911&instanceId=1,21.08.2019 11:16,1
თამარ ბურჯანაძე,https://www.ecourt.ge/Insolvency/InsolvencyInner?docId=17444&instanceId=1,07.08.2019 14:35,8
სოსო ღურწკაია,https://www.ecourt.ge/Insolvency/InsolvencyInner?docId=21658&instanceId=1,01.08.2019 14:52,32
ზაალ მარუაშვილი,https://www.ecourt.ge/Insolvency/InsolvencyInner?docId=452101&instanceId=1,07.08.2019 19:56,4
თამარ ბურჯანაძე,https://www.ecourt.ge/Insolvency/InsolvencyInner?docId=1891072&instanceId=1,10.08.2019 15:38,8
გოჩა დიდავა,https://www.ecourt.ge/Insolvency/InsolvencyInner?docId=2917141&instanceId=1,18.08.2019 18:09,17
თამარ ჭუნიაშვილი,https://www.ecourt.ge/Insolvency/InsolvencyInner?docId=2644796&instanceId=1,18.08.2019 18:02,2
თამარ ბურჯანაძე,https://www.ecourt.ge/Insolvency/InsolvencyInner?docId=2585894&instanceId=1,10.08.2019 15:39,5
დარინა აბულაძე,https://www.ecourt.ge/Insolvency/InsolvencyInner?docId=1032324&instanceId=1,31.07.2019 21:09,3
ციცინო კიკვაძე,https://www.ecourt.ge/Insolvency/InsolvencyInner?docId=2750418&instanceId=1,29.07.2019 16:16,1
ლაშა ქოჩიაშვილი,https://www.ecourt.ge/Insolvency/InsolvencyInner?docId=21686&instanceId=1,25.07.2019 10:54,5
გოჩა დიდავა,https://www.ecourt.ge/Insolvency/InsolvencyInner?docId=1619434&instanceId=1,23.07.2019 12:57,23
ციცინო კიკვაძე,https://www.ecourt.ge/Insolvency/InsolvencyInner?docId=1677740&instanceId=1,26.07.2019 18:13,11
ციცინო კიკვაძე,https://www.ecourt.ge/Insolvency/InsolvencyInner?docId=3086531&instanceId=1,11.07.2019 19:31,2
თამარ ჭუნიაშვილი,https://www.ecourt.ge/Insolvency/InsolvencyInner?docId=2940786&instanceId=1,29.07.2019 14:14,2
მანანა ნიკაჭაძე,https://www.ecourt.ge/Insolvency/InsolvencyInner?docId=3084946&instanceId=1,10.07.2019 17:05,5
არჩილ კოჭლამაზაშვილი,https://www.ecourt.ge/Insolvency/InsolvencyInner?docId=2638995&instanceId=1,25.07.2019 14:03,14
გენადი მაკარიძე,https://www.ecourt.ge/Insolvency/InsolvencyInner?docId=2981238&instanceId=1,01.07.2019 13:07,2
სოსო ღურწკაია,https://www.ecourt.ge/Insolvency/InsolvencyInner?docId=38749&instanceId=1,09.07.2019 17:40,13
თამარ ჭუნიაშვილი,https://www.ecourt.ge/Insolvency/InsolvencyInner?docId=143748&instanceId=1,02.07.2019 19:14,4
თინა ვაშაყმაძე,https://www.ecourt.ge/Insolvency/InsolvencyInner?docId=3040627&instanceId=1,18.06.2019 14:35,8
ანა ჩოგოვაძე,https://www.ecourt.ge/Insolvency/InsolvencyInner?docId=2541171&instanceId=1,18.06.2019 16:10,7
ივერი აბაშიძე,https://www.ecourt.ge/Insolvency/InsolvencyInner?docId=1788791&instanceId=1,28.06.2019 18:54,5
დარინა აბულაძე,https://www.ecourt.ge/Insolvency/InsolvencyInner?docId=2793076&instanceId=1,22.06.2019 11:39,1
სოსო ღურწკაია,https://www.ecourt.ge/Insolvency/InsolvencyInner?docId=3063590&instanceId=1,26.06.2019 17:52,20
ციცინო მოსიძე,https://www.ecourt.ge/Insolvency/InsolvencyInner?docId=2888500&instanceId=1,25.06.2019 12:32,33
ვერა დობორჯგინიძე,https://www.ecourt.ge/Insolvency/InsolvencyInner?docId=3037255&instanceId=1,30.06.2019 18:07,3
ლაშა ქოჩიაშვილი,https://www.ecourt.ge/Insolvency/InsolvencyInner?docId=3039418&instanceId=1,14.06.2019 18:18,3
თამარ ბურჯანაძე,https://www.ecourt.ge/Insolvency/InsolvencyInner?docId=3040622&instanceId=1,19.06.2019 14:53,154
ციცინო მოსიძე,https://www.ecourt.ge/Insolvency/InsolvencyInner?docId=2621226&instanceId=1,12.06.2019 17:51,12
ლაშა ქოჩიაშვილი,https://www.ecourt.ge/Insolvency/InsolvencyInner?docId=3021822&instanceId=1,13.06.2019 11:08,3
თამარ ბურჯანაძე,https://www.ecourt.ge/Insolvency/InsolvencyInner?docId=21682&instanceId=1,11.06.2019 16:30,2
ივერი აბაშიძე,https://www.ecourt.ge/Insolvency/InsolvencyInner?docId=21670&instanceId=1,06.06.2019 14:00,9
მანანა ნიკაჭაძე,https://www.ecourt.ge/Insolvency/InsolvencyInner?docId=3024426&instanceId=1,09.06.2019 15:57,1
ზაალ მარუაშვილი,https://www.ecourt.ge/Insolvency/InsolvencyInner?docId=2347658&instanceId=1,06.06.2019 14:36,19
სოსო ღურწკაია,https://www.ecourt.ge/Insolvency/InsolvencyInner?docId=2942147&instanceId=1,05.06.2019 20:40,31
გოჩა დიდავა,https://www.ecourt.ge/Insolvency/InsolvencyInner?docId=3016930&instanceId=1,13.06.2019 12:54,233
ზაალ მარუაშვილი,https://www.ecourt.ge/Insolvency/InsolvencyInner?docId=2999747&instanceId=1,05.06.2019 14:45,11
ციცინო მოსიძე,https://www.ecourt.ge/Insolvency/InsolvencyInner?docId=2994179&instanceId=1,05.06.2019 14:52,19
ზაალ მარუაშვილი,https://www.ecourt.ge/Insolvency/InsolvencyInner?docId=2701256&instanceId=1,05.06.2019 06:16,8
ლაშა ქოჩიაშვილი,https://www.ecourt.ge/Insolvency/InsolvencyInner?docId=2920236&instanceId=1,31.05.2019 10:38,2
ივერი აბაშიძე,https://www.ecourt.ge/Insolvency/InsolvencyInner?docId=124624&instanceId=1,24.05.2019 12:52,13
სოსო ღურწკაია,https://www.ecourt.ge/Insolvency/InsolvencyInner?docId=2904573&instanceId=1,28.05.2019 17:09,3
სოსო ღურწკაია,https://www.ecourt.ge/Insolvency/InsolvencyInner?docId=2870510&instanceId=1,22.05.2019 16:39,4
მანანა ნიკაჭაძე,https://www.ecourt.ge/Insolvency/InsolvencyInner?docId=2984142&instanceId=1,18.05.2019 18:23,20
ლაშა ქოჩიაშვილი,https://www.ecourt.ge/Insolvency/InsolvencyInner?docId=2911430&instanceId=1,04.06.2019 16:28,3
ივერი აბაშიძე,https://www.ecourt.ge/Insolvency/InsolvencyInner?docId=2943486&instanceId=1,21.05.2019 16:29,5
ზაალ მარუაშვილი,https://www.ecourt.ge/Insolvency/InsolvencyInner?docId=2779087&instanceId=1,21.05.2019 14:22,26
გოჩა დიდავა,https://www.ecourt.ge/Insolvency/InsolvencyInner?docId=2883354&instanceId=1,17.05.2019 17:48,5
თამარ ბურჯანაძე,https://www.ecourt.ge/Insolvency/InsolvencyInner?docId=2741809&instanceId=1,15.05.2019 17:35,5
გოჩა დიდავა,https://www.ecourt.ge/Insolvency/InsolvencyInner?docId=2962033&instanceId=1,14.05.2019 16:43,62
სოსო ღურწკაია,https://www.ecourt.ge/Insolvency/InsolvencyInner?docId=2863672&instanceId=1,14.05.2019 15:51,6
გენადი მაკარიძე,https://www.ecourt.ge/Insolvency/InsolvencyInner?docId=2644964&instanceId=1,11.05.2019 11:39,5
თინათინ ეცადაშვილი,https://www.ecourt.ge/Insolvency/InsolvencyInner?docId=2890516&instanceId=1,02.05.2019 06:27,17
გოჩა დიდავა,https://www.ecourt.ge/Insolvency/InsolvencyInner?docId=2889936&instanceId=1,08.05.2019 13:17,3
თამარ ბურჯანაძე,https://www.ecourt.ge/Insolvency/InsolvencyInner?docId=2973226&instanceId=1,06.05.2019 14:25,3
სოსო ღურწკაია,https://www.ecourt.ge/Insolvency/InsolvencyInner?docId=2808862&instanceId=1,08.05.2019 18:14,95
ზაალ მარუაშვილი,https://www.ecourt.ge/Insolvency/InsolvencyInner?docId=319275&instanceId=1,01.05.2019 05:54,16
